keyword,count
2025,15.0
stocks,13.0
trump,11.0
june,9.0
discussion,8.0
advice,8.0
tariffs,8.0
company,8.0
thread,7.0
iran,7.0
world,7.0
says,7.0
money,6.0
market,6.0
shares,6.0
daily,6.0
boeing,6.0
investing,5.0
israel,5.0
today,5.0
india,5.0
china,5.0
stock,5.0
real,4.0
crash,4.0
invest,4.0
like,4.0
show,4.0
private,4.0
time,4.0
security,4.0
google,4.0
immigration,3.0
much,3.0
enforcement,3.0
ionq,3.0
tool,3.0
around,3.0
archer,3.0
general,3.0
night,3.0
think,3.0
recovery,3.0
open,3.0
start,3.0
first,3.0
made,3.0
birthday,3.0
roth,3.0
year,3.0
need,3.0
million,3.0
tesla,3.0
long,3.0
funds,3.0
design,3.0
minnesota,3.0
club,3.0
best,3.0
cooked,3.0
portfolio,3.0
weekend,3.0
deal,3.0
sold,3.0
week,3.0
feel,3.0
loss,3.0
curbs,3.0
mostly,3.0
early,3.0
else,3.0
share,3.0
energy,3.0
tomorrow,2.0
shows,2.0
nvidia,2.0
seem,2.0
techcrunch,2.0
late,2.0
brokerage,2.0
aviation,2.0
expect,2.0
live,2.0
feels,2.0
store,2.0
losing,2.0
ever,2.0
ready,2.0
thoughts,2.0
ipos,2.0
tech,2.0
could,2.0
sees,2.0
pilot,2.0
gold,2.0
lost,2.0
anyone,2.0
strategy,2.0
years,2.0
account,2.0
